Planet Name,Moon Name,Size,Resources,
183-422,183-422-860,5,1,
183-422,183-422-950,2,9,
183-422,183-422-568,4,5,
183-422,183-422-759,2,8,
183-925,183-925-267,4,3,
183-925,183-925-410,3,3,
183-971,183-971-181,2,4,
183-971,183-971-980,1,7,
183-376,183-376-858,5,10,
984-426,984-426-838,1,8,
984-426,984-426-967,1,8,
984-426,984-426-313,4,8,
984-426,984-426-132,2,4,
984-426,984-426-779,3,7,
984-651,984-651-802,4,7,
984-651,984-651-502,4,8,
184-471,184-471-539,4,10,
184-471,184-471-834,3,7,
184-178,184-178-844,2,10,
184-279,184-279-745,2,10,
184-279,184-279-692,3,9,
184-279,184-279-321,2,6,
184-279,184-279-407,4,3,
912-419,912-419-182,3,5,
912-419,912-419-747,2,5,
912-789,912-789-797,3,4,
912-789,912-789-721,3,4,
203-766,203-766-367,3,5,
203-766,203-766-410,4,3,
203-766,203-766-886,3,2,
203-743,203-743-425,5,10,
203-675,203-675-778,4,4,
203-675,203-675-870,5,3,
203-675,203-675-376,3,2,
203-361,203-361-175,3,2,
203-361,203-361-503,3,6,
203-361,203-361-685,3,8,
203-361,203-361-252,3,7,
620-437,620-437-985,2,10,
622-747,622-747-797,5,1,
622-747,622-747-946,1,7,
622-747,622-747-287,4,1,
622-747,622-747-255,3,5,
622-386,622-386-656,5,9,
622-386,622-386-238,5,4,
622-893,622-893-704,4,3,
622-893,622-893-324,5,6,
622-416,622-416-479,3,2,
622-362,622-362-923,2,6,
301-266,301-266-564,5,4,
301-266,301-266-299,1,9,
301-347,301-347-664,4,4,
301-347,301-347-936,3,3,
301-167,301-167-523,5,8,
662-135,662-135-420,3,4,
662-383,662-383-861,1,4,
662-603,662-603-274,2,4,
662-622,662-622-734,5,6,
662-622,662-622-402,1,2,
662-622,662-622-329,4,10,
176-842,176-842-860,2,6,
176-791,176-791-198,5,9,
176-791,176-791-768,3,10,
176-791,176-791-436,3,4,
176-791,176-791-309,4,3,
176-456,176-456-446,1,3,
176-456,176-456-906,4,5,
176-456,176-456-575,3,7,
247-471,247-471-276,1,4,
247-452,247-452-804,3,2,
247-452,247-452-850,3,8,
247-796,247-796-356,3,6,
247-796,247-796-568,2,7,
247-796,247-796-308,5,8,
247-512,247-512-653,1,5,
247-512,247-512-316,3,8,
247-512,247-512-979,3,4,
479-681,479-681-470,2,4,
479-541,479-541-232,4,9,
479-501,479-501-984,1,2,
479-501,479-501-523,4,10,
479-501,479-501-577,3,3,
479-501,479-501-220,5,4,
230-342,230-342-896,1,10,
230-342,230-342-682,1,2,
230-199,230-199-412,3,4,
230-866,230-866-379,1,3,
230-866,230-866-326,1,2,
230-184,230-184-399,5,3,
230-184,230-184-415,5,10,
230-947,230-947-121,4,1,
230-947,230-947-848,4,6,
230-947,230-947-698,4,6,
230-947,230-947-650,2,5,
230-947,230-947-131,2,4,
230-780,230-780-603,3,6,
472-223,472-223-245,2,10,
472-223,472-223-186,4,4,
472-620,472-620-636,3,2,
472-620,472-620-171,3,1,
472-620,472-620-474,3,4,
472-620,472-620-828,3,5,
855-610,855-610-580,5,4,
627-452,627-452-431,5,4,
627-452,627-452-573,5,3,
627-452,627-452-821,4,2,
627-960,627-960-164,2,10,
627-350,627-350-455,1,4,
627-376,627-376-342,4,3,
627-863,627-863-858,3,1,
627-863,627-863-478,4,5,
627-863,627-863-426,1,1,
627-845,627-845-653,4,8,
627-508,627-508-754,1,10,
627-508,627-508-349,5,10,
627-508,627-508-794,3,10,
382-331,382-331-878,3,2,
421-931,421-931-260,3,9,
421-931,421-931-882,2,2,
421-931,421-931-772,4,6,
421-931,421-931-383,2,3,
421-104,421-104-714,2,6,
421-104,421-104-376,1,2,
421-104,421-104-965,2,9,
421-104,421-104-602,2,1,
421-971,421-971-489,1,6,
421-971,421-971-330,2,1,
421-971,421-971-147,2,6,
639-767,639-767-353,5,5,
639-812,639-812-641,3,9,
639-330,639-330-267,1,3,
639-558,639-558-638,3,1,
639-558,639-558-595,4,1,
639-558,639-558-846,2,10,
639-558,639-558-884,5,7,
818-162,818-162-216,4,1,
818-973,818-973-919,5,9,
818-785,818-785-243,5,8,
818-855,818-855-513,2,8,
818-855,818-855-221,4,10,
818-580,818-580-104,4,9,
818-561,818-561-557,1,5,
818-561,818-561-369,3,9,
968-778,968-778-669,4,7,
968-778,968-778-452,5,1,
968-778,968-778-869,2,9,
661-438,661-438-256,5,2,
661-724,661-724-593,4,10,
661-724,661-724-137,5,10,
661-724,661-724-968,2,5,
661-383,661-383-270,4,1,
661-383,661-383-139,4,4,
661-893,661-893-755,5,3,
661-658,661-658-749,1,2,
661-658,661-658-948,1,3,
661-732,661-732-882,2,2,
819-386,819-386-645,5,10,
819-950,819-950-157,2,8,
819-111,819-111-204,1,9,
819-111,819-111-230,1,8,
819-255,819-255-481,2,9,
819-235,819-235-300,2,7,
819-235,819-235-370,3,3,
819-235,819-235-860,2,2,
819-235,819-235-764,1,5,
819-235,819-235-803,4,6,
819-575,819-575-814,2,8,
819-575,819-575-966,3,10,
819-575,819-575-166,5,2,
819-575,819-575-309,4,6,
819-168,819-168-581,3,2,
819-121,819-121-634,4,4,
819-121,819-121-619,1,7,
730-452,730-452-556,1,3,
730-793,730-793-287,2,2,
730-635,730-635-945,3,8,
730-635,730-635-465,4,1,
730-635,730-635-662,2,4,
730-198,730-198-181,3,4,
730-198,730-198-555,4,9,
730-198,730-198-279,5,10,
730-198,730-198-369,2,5,
730-548,730-548-482,3,5,
730-548,730-548-418,2,1,
730-548,730-548-979,5,4,
868-826,868-826-841,3,5,
277-649,277-649-660,4,5,
120-812,120-812-433,2,3,
120-812,120-812-348,1,8,
120-812,120-812-835,4,5,
120-629,120-629-432,2,10,
120-225,120-225-875,4,1,
120-697,120-697-642,1,5,
120-697,120-697-243,1,8,
120-697,120-697-802,3,1,
120-697,120-697-269,4,10,
120-703,120-703-498,4,10,
120-703,120-703-282,1,1,
120-703,120-703-256,3,6,
120-746,120-746-237,2,5,
120-746,120-746-578,3,7,
480-893,480-893-131,4,9,
480-878,480-878-777,3,4,
480-878,480-878-137,3,1,
480-878,480-878-122,2,4,
480-878,480-878-321,5,6,
480-476,480-476-793,1,8,
480-345,480-345-948,2,9,
480-345,480-345-801,2,7,
480-345,480-345-982,3,8,
480-345,480-345-278,5,5,
480-704,480-704-643,3,4,
329-574,329-574-876,2,9,
329-252,329-252-971,5,7,
329-252,329-252-552,3,5,
329-252,329-252-868,4,1,
329-252,329-252-714,2,9,
329-252,329-252-419,2,3,
329-143,329-143-798,5,9,
329-143,329-143-284,3,2,
329-143,329-143-280,3,6,
329-681,329-681-918,5,2,
329-681,329-681-864,2,2,
329-681,329-681-447,3,3,
329-284,329-284-325,4,3,
180-231,180-231-907,1,2,
890-552,890-552-323,2,6,
890-552,890-552-603,3,2,
890-552,890-552-868,2,5,
890-718,890-718-345,3,10,
890-194,890-194-866,4,3,
805-274,805-274-574,5,10,
805-274,805-274-675,2,3,
805-707,805-707-124,5,7,
805-707,805-707-925,2,9,
805-994,805-994-816,1,2,
805-399,805-399-443,1,2,
805-399,805-399-327,2,9,
805-532,805-532-969,4,8,
253-734,253-734-688,2,5,
253-734,253-734-310,3,9,
253-734,253-734-912,2,5,
253-734,253-734-632,1,4,
253-185,253-185-124,5,1,
253-185,253-185-399,3,3,
253-185,253-185-390,5,8,
253-318,253-318-277,1,2,
253-973,253-973-267,3,10,
253-973,253-973-379,1,3,
253-849,253-849-718,3,2,
253-849,253-849-317,4,5,
253-849,253-849-712,4,6,
253-849,253-849-255,5,9,
944-207,944-207-624,4,3,
944-226,944-226-578,3,10,
944-226,944-226-613,3,7,
944-226,944-226-885,1,10,
300-633,300-633-557,5,7,
300-124,300-124-483,1,2,
300-925,300-925-408,1,2,
300-925,300-925-475,5,10,
300-925,300-925-667,5,9,
300-716,300-716-536,5,5,
902-508,902-508-343,1,8,
902-508,902-508-164,3,3,
902-508,902-508-528,3,8,
902-166,902-166-162,3,10,
505-952,505-952-627,2,7,
505-952,505-952-622,4,5,
388-594,388-594-594,5,5,
388-890,388-890-797,4,2,
388-890,388-890-639,4,4,
233-272,233-272-568,5,4,
233-272,233-272-827,4,9,
233-272,233-272-256,2,2,
218-964,218-964-828,3,9,
218-964,218-964-690,4,4,
218-884,218-884-425,5,6,
218-884,218-884-961,1,8,
218-713,218-713-175,2,3,
218-410,218-410-935,2,8,
218-410,218-410-181,4,1,
141-679,141-679-908,4,8,
141-679,141-679-797,4,1,
141-679,141-679-291,5,1,
141-473,141-473-401,1,4,
141-473,141-473-492,5,8,
141-473,141-473-209,4,5,
141-118,141-118-455,4,5,
141-118,141-118-484,2,6,
141-763,141-763-983,2,1,
141-765,141-765-539,4,5,
141-765,141-765-904,5,4,
141-765,141-765-652,1,8,
589-402,589-402-396,4,7,
589-371,589-371-867,5,7,
589-422,589-422-614,3,10,
589-558,589-558-769,2,1,
353-791,353-791-106,5,8,
353-791,353-791-615,1,7,
353-523,353-523-113,5,6,
353-718,353-718-527,1,9,
353-718,353-718-196,1,3,
235-853,235-853-268,1,3,
235-853,235-853-680,1,3,
235-853,235-853-506,1,2,
235-880,235-880-468,4,10,
395-302,395-302-216,4,1,
395-833,395-833-458,4,2,
395-889,395-889-430,3,3,
395-889,395-889-694,5,10,
395-981,395-981-955,4,5,
822-743,822-743-131,4,8,
822-122,822-122-309,3,9,
822-122,822-122-740,4,2,
822-184,822-184-495,5,4,
822-184,822-184-153,2,2,
822-824,822-824-603,4,1,
822-902,822-902-680,1,1,
159-676,159-676-136,2,8,
159-581,159-581-283,2,7,
159-581,159-581-426,4,6,
159-581,159-581-274,4,4,
159-581,159-581-917,4,2,
103-928,103-928-101,4,10,
103-872,103-872-134,4,10,
103-872,103-872-741,2,7,
103-872,103-872-916,1,5,
103-872,103-872-222,3,9,
103-683,103-683-210,4,10,
103-683,103-683-473,1,6,
103-683,103-683-505,5,4,
103-683,103-683-480,4,2,
103-486,103-486-933,5,4,
103-486,103-486-777,1,1,
103-486,103-486-177,4,7,
103-486,103-486-283,1,7,
103-982,103-982-840,2,1,
582-372,582-372-106,4,1,
582-372,582-372-951,2,7,
582-151,582-151-431,2,10,
582-151,582-151-388,5,9,
582-151,582-151-986,4,1,
582-151,582-151-130,5,6,
582-796,582-796-824,3,7,
582-485,582-485-727,3,10,
582-485,582-485-818,3,3,
582-485,582-485-246,4,1,
582-485,582-485-982,5,10,
582-485,582-485-947,4,9,
582-980,582-980-340,2,5,
582-446,582-446-301,2,8,
582-446,582-446-883,4,5,
582-446,582-446-376,3,8,
762-898,762-898-619,3,3,
446-528,446-528-747,1,7,
446-114,446-114-592,2,6,
446-114,446-114-349,2,2,
446-991,446-991-986,4,10,
446-991,446-991-631,3,5,
556-708,556-708-722,5,1,
556-275,556-275-723,4,8,
556-275,556-275-863,3,2,
204-632,204-632-505,1,10,
204-632,204-632-883,2,7,
204-632,204-632-239,1,3,
204-882,204-882-141,3,10,
204-544,204-544-922,1,1,
204-814,204-814-993,1,7,
204-814,204-814-709,4,3,
204-814,204-814-438,4,4,
204-932,204-932-884,3,3,
204-932,204-932-956,4,9,
204-932,204-932-176,1,1,
204-932,204-932-727,1,4,
152-213,152-213-327,5,10,
152-492,152-492-679,2,4,
152-492,152-492-646,5,1,
152-960,152-960-559,1,7,
152-384,152-384-467,2,3,
152-384,152-384-154,5,8,
152-384,152-384-707,4,8,
152-384,152-384-813,5,2,
152-768,152-768-887,4,2,
152-768,152-768-964,3,9,
152-740,152-740-269,4,4,
152-740,152-740-629,4,2,
460-500,460-500-235,3,3,
460-500,460-500-902,2,9,
460-500,460-500-572,3,7,
460-500,460-500-134,5,8,
460-698,460-698-441,3,7,
460-698,460-698-214,2,7,
460-314,460-314-794,5,10,
460-532,460-532-469,1,1,
460-532,460-532-819,3,7,
460-532,460-532-106,4,6,
460-532,460-532-875,3,2,
911-963,911-963-396,4,5,
911-963,911-963-183,1,2,
911-963,911-963-973,5,10,
911-561,911-561-230,4,3,
911-561,911-561-204,5,4,
911-561,911-561-370,4,4,
911-561,911-561-847,4,9,
911-561,911-561-414,5,5,
153-162,153-162-451,2,4,
153-456,153-456-745,5,2,
153-456,153-456-769,1,5,
153-702,153-702-816,4,7,
153-702,153-702-935,2,4,
153-984,153-984-851,3,6,
153-984,153-984-780,1,2,
153-211,153-211-934,4,1,
153-211,153-211-461,1,10,
597-811,597-811-533,2,3,
597-811,597-811-312,3,4,
597-811,597-811-685,2,10,
597-811,597-811-606,4,2,
597-811,597-811-658,4,1,
597-502,597-502-625,2,5,
597-360,597-360-773,5,9,
597-360,597-360-677,1,6,
597-360,597-360-955,2,4,
695-649,695-649-443,3,4,
695-948,695-948-813,2,10,
695-955,695-955-689,3,9,
695-955,695-955-641,4,2,
695-643,695-643-397,3,2,
695-662,695-662-452,3,1,
695-988,695-988-320,1,5,
695-988,695-988-125,5,6,
695-988,695-988-185,4,10,
695-814,695-814-457,1,2,
695-814,695-814-456,5,3,
365-130,365-130-187,5,7,
365-796,365-796-964,2,8,
365-796,365-796-387,1,3,
365-796,365-796-569,1,1,
365-796,365-796-871,5,10,
616-799,616-799-752,2,8,
616-711,616-711-182,4,5,
616-711,616-711-647,1,5,
616-185,616-185-843,1,4,
616-185,616-185-271,4,1,
616-185,616-185-264,3,3,
616-331,616-331-852,3,7,
616-448,616-448-374,3,3,
616-448,616-448-572,5,6,
616-275,616-275-798,1,9,
616-395,616-395-468,3,2,
616-901,616-901-460,3,6,
616-901,616-901-441,5,5,
616-901,616-901-878,5,9,
616-901,616-901-572,5,6,
780-947,780-947-861,1,5,
780-947,780-947-545,1,4,
780-947,780-947-867,2,4,
780-634,780-634-329,3,2,
780-405,780-405-123,3,6,
780-405,780-405-511,1,9,
780-405,780-405-548,3,8,
780-246,780-246-801,3,6,
780-246,780-246-651,2,6,
780-246,780-246-393,3,2,
780-246,780-246-818,5,6,
780-338,780-338-366,3,1,
780-338,780-338-362,1,7,
893-644,893-644-281,1,9,
893-644,893-644-996,2,9,
893-644,893-644-962,4,2,
893-679,893-679-794,5,7,
517-433,517-433-926,3,5,
517-433,517-433-236,5,3,
517-882,517-882-525,3,2,
517-116,517-116-920,1,6,
517-116,517-116-196,4,5,
517-916,517-916-220,5,4,
517-677,517-677-690,4,5,
517-907,517-907-894,3,1,
517-444,517-444-587,5,8,
600-452,600-452-946,5,6,
600-633,600-633-628,4,4,
600-633,600-633-846,5,4,
600-633,600-633-938,3,5,
600-387,600-387-146,3,9,
600-387,600-387-187,2,1,
600-387,600-387-914,3,3,
600-387,600-387-430,3,4,
493-843,493-843-205,3,2,
493-990,493-990-722,3,8,
493-990,493-990-843,1,2,
493-299,493-299-165,1,9,
493-337,493-337-636,1,5,
493-955,493-955-989,2,7,
493-955,493-955-350,4,6,
493-955,493-955-853,5,2,
493-955,493-955-449,3,9,
493-543,493-543-964,5,5,
493-543,493-543-495,3,9,
585-314,585-314-410,5,5,
585-560,585-560-343,5,10,
585-560,585-560-139,2,5,
585-419,585-419-837,2,3,
585-323,585-323-804,2,8,
585-323,585-323-737,4,8,
585-323,585-323-574,4,3,
585-323,585-323-894,5,2,
585-947,585-947-221,1,8,
585-947,585-947-385,5,4,
585-195,585-195-802,4,5,
585-195,585-195-681,5,1,
585-719,585-719-548,1,4,
585-484,585-484-885,1,9,
585-484,585-484-626,4,9,
585-484,585-484-988,4,10,
558-783,558-783-549,3,9,
558-783,558-783-630,5,6,
558-783,558-783-780,5,5,
558-783,558-783-316,2,3,
558-953,558-953-956,4,8,
558-644,558-644-875,1,2,
558-644,558-644-570,2,5,
558-644,558-644-576,5,8,
558-644,558-644-923,3,9,
558-850,558-850-164,2,6,
558-850,558-850-456,5,1,
558-850,558-850-703,5,1,
558-850,558-850-930,2,2,
558-255,558-255-304,3,4,
558-883,558-883-770,5,9,
558-667,558-667-560,3,3,
598-656,598-656-329,1,1,
598-656,598-656-322,5,2,
598-777,598-777-981,4,7,
598-207,598-207-686,3,9,
598-207,598-207-159,4,2,
598-207,598-207-786,4,10,
598-397,598-397-779,3,9,
473-206,473-206-175,5,3,
473-206,473-206-970,2,10,
473-206,473-206-899,1,8,
473-157,473-157-128,1,4,
473-357,473-357-852,5,7,
473-357,473-357-394,1,6,
473-357,473-357-844,4,7,
473-357,473-357-861,3,2,
473-152,473-152-930,3,2,
473-152,473-152-684,2,2,
473-152,473-152-686,2,3,
473-152,473-152-179,2,7,
473-152,473-152-406,5,2,
473-380,473-380-318,2,5,
473-380,473-380-931,3,7,
473-380,473-380-896,5,7,
473-161,473-161-786,1,2,
386-389,386-389-361,3,4,
386-389,386-389-603,5,1,
386-404,386-404-261,1,3,
386-404,386-404-800,2,8,
223-615,223-615-767,1,5,
223-978,223-978-179,1,2,
194-509,194-509-408,5,4,
194-853,194-853-369,2,8,
194-853,194-853-420,1,2,
194-853,194-853-365,2,10,
194-353,194-353-313,5,2,
194-792,194-792-535,3,7,
194-792,194-792-754,5,10,
380-772,380-772-583,4,1,
380-943,380-943-365,2,2,
380-943,380-943-742,1,4,
380-608,380-608-101,3,1,
380-608,380-608-837,5,10,
380-155,380-155-703,5,8,
380-155,380-155-476,2,10,
380-155,380-155-624,2,10,
773-907,773-907-375,4,9,
773-907,773-907-280,4,2,
773-907,773-907-579,3,8,
803-150,803-150-169,3,6,
803-678,803-678-640,1,5,
803-678,803-678-147,2,7,
803-237,803-237-697,4,5,
803-237,803-237-732,1,4,
803-318,803-318-488,5,4,
803-318,803-318-908,4,4,
803-253,803-253-149,2,8,
803-253,803-253-907,5,4,
803-253,803-253-757,2,7,
111-556,111-556-116,1,4,
111-556,111-556-284,2,8,
111-556,111-556-202,2,8,
111-556,111-556-923,1,9,
111-747,111-747-350,4,4,
111-747,111-747-698,1,4,
111-747,111-747-683,1,7,
111-747,111-747-900,2,4,
171-898,171-898-357,5,3,
171-898,171-898-105,4,3,
171-223,171-223-614,4,3,
171-223,171-223-191,4,7,
171-458,171-458-755,5,6,
171-302,171-302-178,1,3,
171-714,171-714-959,3,8,
171-714,171-714-543,5,6,
171-714,171-714-831,3,9,
171-714,171-714-193,2,9,
175-983,175-983-178,2,2,
175-558,175-558-439,1,2,
175-558,175-558-180,4,10,
175-506,175-506-372,3,4,
175-737,175-737-696,5,6,
175-808,175-808-289,2,6,
175-808,175-808-811,1,2,
175-245,175-245-822,4,1,
308-819,308-819-506,2,10,
308-780,308-780-315,5,1,
308-847,308-847-122,1,8,
308-841,308-841-165,4,7,
308-841,308-841-532,5,3,
308-841,308-841-192,3,10,
308-841,308-841-631,5,3,
308-841,308-841-278,2,6,
450-879,450-879-890,3,4,
450-879,450-879-976,3,2,
450-822,450-822-775,5,5,
363-287,363-287-611,5,5,
363-725,363-725-294,2,5,
363-725,363-725-327,2,3,
363-153,363-153-124,5,10,
363-153,363-153-371,3,8,
363-153,363-153-752,2,8,
363-293,363-293-640,4,6,
363-619,363-619-236,2,10,
363-619,363-619-129,1,3,
363-619,363-619-233,5,9,
461-545,461-545-702,5,4,
461-545,461-545-867,4,6,
461-545,461-545-309,5,10,
461-991,461-991-307,3,1,
461-991,461-991-975,3,9,
389-543,389-543-240,1,1,
389-543,389-543-927,5,6,
389-198,389-198-568,1,3,
389-997,389-997-200,2,2,
389-997,389-997-107,3,8,
389-997,389-997-853,3,7,
389-997,389-997-135,5,3,
389-595,389-595-286,5,5,
389-595,389-595-401,3,6,
389-595,389-595-841,3,9,
744-861,744-861-794,5,10,
744-861,744-861-703,1,4,
744-137,744-137-309,2,2,
744-841,744-841-677,3,2,
744-841,744-841-897,4,9,
744-841,744-841-907,5,3,
744-720,744-720-717,3,5,
744-720,744-720-452,3,3,
744-720,744-720-488,3,8,
744-608,744-608-356,5,7,
744-608,744-608-355,3,2,
774-367,774-367-839,4,3,
774-933,774-933-656,4,6,
774-651,774-651-850,1,9,
774-787,774-787-675,5,9,
774-787,774-787-745,4,10,
774-787,774-787-351,5,9,
774-131,774-131-567,1,4,
774-131,774-131-956,4,4,
774-712,774-712-507,3,7,
978-798,978-798-137,3,4,
978-798,978-798-348,4,1,
978-318,978-318-399,3,10,
978-318,978-318-540,1,5,
978-318,978-318-531,1,4,
978-170,978-170-294,1,2,
978-170,978-170-910,1,2,
978-170,978-170-314,3,10,
978-170,978-170-547,1,10,
288-583,288-583-615,4,2,
288-875,288-875-361,1,7,
288-875,288-875-294,1,6,
288-875,288-875-285,3,4,
288-321,288-321-850,3,2,
288-321,288-321-914,1,1,
288-321,288-321-914,4,8,
288-250,288-250-873,4,4,
288-250,288-250-334,1,9,
288-250,288-250-529,5,5,
288-478,288-478-192,1,1,
288-478,288-478-366,5,3,
110-449,110-449-403,2,1,
110-449,110-449-655,3,7,
716-730,716-730-217,1,5,
716-730,716-730-212,5,5,
950-583,950-583-182,5,8,
950-865,950-865-582,1,9,
241-721,241-721-344,2,6,
241-942,241-942-879,5,5,
241-854,241-854-532,2,7,
241-854,241-854-181,3,6,
241-854,241-854-395,4,9,
241-723,241-723-738,3,2,
251-124,251-124-662,1,5,
251-198,251-198-231,5,3,
251-572,251-572-363,1,10,
251-819,251-819-640,3,6,
328-150,328-150-547,3,1,
328-150,328-150-548,4,4,
328-561,328-561-904,3,7,
328-246,328-246-214,2,3,
328-630,328-630-151,4,2,
328-630,328-630-543,5,6,
328-994,328-994-886,4,5,
328-984,328-984-752,2,7,
328-984,328-984-739,3,7,
485-222,485-222-348,5,3,
749-608,749-608-597,3,7,
749-608,749-608-350,1,3,
572-318,572-318-715,3,5,
572-318,572-318-374,4,6,
572-382,572-382-846,4,1,
572-733,572-733-235,1,10,
572-774,572-774-275,4,5,
572-329,572-329-266,3,1,
572-329,572-329-605,5,1,
572-342,572-342-270,2,1,
572-342,572-342-297,4,4,
572-994,572-994-997,3,6,
333-862,333-862-156,1,2,
333-850,333-850-193,4,1,
333-850,333-850-299,4,1,
333-850,333-850-386,2,8,
333-850,333-850-722,3,2,
333-242,333-242-277,1,5,
333-242,333-242-255,5,10,
333-242,333-242-791,1,4,
333-268,333-268-570,2,8,
333-268,333-268-629,3,3,
333-111,333-111-208,5,7,
333-345,333-345-507,1,8,
333-345,333-345-126,2,1,
333-345,333-345-314,1,9,
333-481,333-481-987,1,5,
701-151,701-151-539,5,9,
701-402,701-402-535,1,1,
701-402,701-402-917,3,6,
701-402,701-402-760,2,6,
701-402,701-402-865,4,9,
701-915,701-915-974,2,9,
701-332,701-332-502,3,8,
701-332,701-332-200,1,5,
690-560,690-560-102,4,10,
690-560,690-560-795,5,8,
690-683,690-683-311,3,2,
690-683,690-683-819,2,9,
359-377,359-377-676,5,8,
359-377,359-377-309,2,4,
359-647,359-647-881,1,8,
359-647,359-647-683,2,7,
359-647,359-647-997,1,5,
359-647,359-647-771,3,6,
359-466,359-466-613,2,1,
182-609,182-609-131,1,6,
182-156,182-156-147,1,4,
182-156,182-156-795,5,1,
182-386,182-386-651,5,5,
182-764,182-764-699,4,9,
182-169,182-169-263,1,9,
182-169,182-169-170,3,6,
182-169,182-169-635,5,1,
182-169,182-169-459,3,2,
182-169,182-169-774,2,5,
182-370,182-370-921,1,2,
182-607,182-607-243,2,8,
182-607,182-607-360,5,3,
182-607,182-607-213,4,7,
993-527,993-527-365,3,2,
993-527,993-527-499,4,8,
993-484,993-484-609,1,8,
993-484,993-484-476,4,8,
993-484,993-484-895,4,7,
993-484,993-484-200,1,7,
280-658,280-658-208,1,3,
332-411,332-411-247,3,3,
332-411,332-411-111,3,3,
332-381,332-381-978,2,5,
332-304,332-304-394,1,7,
332-894,332-894-682,2,9,
332-894,332-894-463,2,4,
332-894,332-894-919,5,10,
987-697,987-697-608,5,10,
987-697,987-697-574,2,3,
987-697,987-697-320,4,1,
987-697,987-697-925,3,9,
697-616,697-616-470,3,7,
697-676,697-676-816,5,8,
697-676,697-676-265,3,4,
697-676,697-676-534,1,7,
697-676,697-676-554,4,6,
697-676,697-676-298,5,5,
697-184,697-184-854,4,1,
512-925,512-925-431,3,7,
512-925,512-925-921,4,10,
512-984,512-984-288,3,9,
512-656,512-656-793,2,4,
512-656,512-656-102,1,1,
512-656,512-656-913,3,7,
512-656,512-656-465,1,6,
512-656,512-656-116,2,4,
512-278,512-278-310,3,10,
624-189,624-189-141,2,9,
624-189,624-189-359,4,7,
624-189,624-189-341,3,6,
624-189,624-189-815,3,1,
624-516,624-516-948,5,8,
624-570,624-570-728,5,4,
416-279,416-279-835,3,7,
416-279,416-279-411,2,6,
416-839,416-839-230,5,3,
416-839,416-839-864,5,4,
416-839,416-839-847,1,5,
416-839,416-839-359,5,5,
383-380,383-380-306,3,10,
383-539,383-539-684,1,6,
383-113,383-113-344,2,2,
383-113,383-113-165,2,2,
383-113,383-113-142,5,1,
442-615,442-615-478,1,8,
442-615,442-615-608,4,1,
343-205,343-205-110,4,1,
343-205,343-205-444,4,5,
343-205,343-205-270,4,1,
343-205,343-205-958,2,8,
343-159,343-159-220,2,8,
343-640,343-640-802,5,3,
343-640,343-640-540,3,9,
343-543,343-543-424,1,6,
343-777,343-777-865,3,1,
343-740,343-740-439,1,10,
867-221,867-221-580,5,5,
867-221,867-221-155,1,1,
867-519,867-519-497,2,9,
867-519,867-519-593,2,10,
867-732,867-732-756,4,10,
867-263,867-263-552,4,1,
867-263,867-263-634,3,1,
867-263,867-263-936,3,4,
867-263,867-263-666,3,4,
867-263,867-263-231,2,9,
867-202,867-202-280,2,9,
867-969,867-969-856,1,2,
515-989,515-989-165,4,8,
515-167,515-167-661,1,8,
515-167,515-167-176,2,1,
515-167,515-167-123,2,9,
515-263,515-263-550,3,10,
515-263,515-263-547,2,10,
515-708,515-708-443,3,4,
515-708,515-708-220,3,6,
515-338,515-338-443,1,4,
515-940,515-940-108,1,10,
515-940,515-940-359,3,10,
515-570,515-570-586,3,6,
202-605,202-605-842,4,1,
202-605,202-605-465,5,10,
202-605,202-605-209,4,2,
202-640,202-640-485,5,5,
202-251,202-251-561,3,6,
202-251,202-251-169,3,6,
202-621,202-621-807,3,7,
960-459,960-459-540,1,1,
960-660,960-660-100,2,7,
960-844,960-844-527,5,6,
960-844,960-844-925,3,4,
960-844,960-844-283,2,6,
960-336,960-336-327,4,7,
960-336,960-336-418,2,10,
404-518,404-518-919,1,10,
404-518,404-518-430,3,9,
404-518,404-518-668,2,6,
404-111,404-111-263,4,2,
237-284,237-284-828,1,1,
237-284,237-284-799,4,5,
237-284,237-284-982,2,6,
237-668,237-668-257,3,7,
237-363,237-363-212,4,9,
237-363,237-363-970,2,2,
237-363,237-363-421,4,9,
884-982,884-982-963,3,4,
884-982,884-982-262,1,8,
884-982,884-982-298,4,2,
884-949,884-949-241,5,6,
884-925,884-925-551,1,7,
436-819,436-819-490,2,1,
671-259,671-259-532,2,2,
671-259,671-259-189,1,7,
671-383,671-383-159,3,5,
671-383,671-383-531,4,5,
671-984,671-984-155,4,10,
671-450,671-450-985,4,1,
671-450,671-450-798,3,2,
671-197,671-197-228,5,2,
671-197,671-197-905,5,5,
985-967,985-967-873,3,4,
985-967,985-967-436,4,9,
985-773,985-773-336,4,3,
985-755,985-755-585,3,4,
985-755,985-755-382,4,10,
985-755,985-755-236,1,10,
985-580,985-580-716,4,3,
985-580,985-580-415,5,4,
985-580,985-580-893,4,2,
985-580,985-580-897,2,2,
985-369,985-369-970,3,1,
862-985,862-985-119,1,5,
862-985,862-985-173,2,4,
862-703,862-703-810,4,10,
827-749,827-749-602,5,8,
827-705,827-705-387,2,2,
827-705,827-705-225,2,6,
827-365,827-365-934,3,9,
827-365,827-365-920,3,2,
827-365,827-365-752,1,5,
827-365,827-365-698,1,9,
827-660,827-660-728,2,1,
972-119,972-119-142,5,5,
972-919,972-919-429,1,7,
972-931,972-931-389,1,4,
972-931,972-931-866,5,3,
972-931,972-931-677,2,10,
972-877,972-877-873,5,6,
972-124,972-124-163,3,1,
451-178,451-178-100,4,9,
451-357,451-357-566,1,9,
842-919,842-919-387,3,2,
842-137,842-137-147,2,8,
842-137,842-137-325,5,8,
842-471,842-471-163,5,1,
842-471,842-471-542,1,2,
842-471,842-471-538,5,1,
842-124,842-124-317,4,3,
842-393,842-393-832,1,4,
842-393,842-393-111,3,4,
531-882,531-882-911,2,7,
531-833,531-833-111,5,5,
531-529,531-529-758,3,1,
531-529,531-529-223,1,7,
531-584,531-584-367,2,8,
531-787,531-787-981,4,4,
801-696,801-696-778,4,1,
801-696,801-696-311,1,1,
801-696,801-696-337,2,1,
801-696,801-696-338,4,10,
801-415,801-415-405,3,3,
801-415,801-415-306,1,3,
801-160,801-160-285,4,2,
801-251,801-251-101,1,7,
801-967,801-967-594,5,1,
801-967,801-967-191,5,1,
801-245,801-245-618,5,1,
801-616,801-616-101,3,10,
801-616,801-616-141,1,6,
801-616,801-616-664,2,3,
319-287,319-287-444,4,5,
319-932,319-932-247,4,1,
319-932,319-932-656,3,7,
319-171,319-171-754,5,3,
319-373,319-373-328,3,10,
319-940,319-940-357,1,4,
319-732,319-732-449,5,3,
319-732,319-732-383,3,7,
319-732,319-732-391,3,2,
319-732,319-732-383,2,10,
319-732,319-732-977,4,9,
859-660,859-660-692,5,7,
859-996,859-996-766,1,10,
859-969,859-969-992,4,10,
859-193,859-193-799,4,4,
859-826,859-826-912,3,3,
859-826,859-826-772,5,1,
859-507,859-507-376,4,9,
859-507,859-507-902,3,2,
859-507,859-507-850,1,1,
939-239,939-239-225,1,7,
939-239,939-239-117,3,4,
939-793,939-793-979,3,4,
939-350,939-350-418,4,10,
160-938,160-938-395,4,3,
160-938,160-938-709,4,9,
160-754,160-754-860,4,6,
160-754,160-754-312,4,3,
160-108,160-108-394,2,8,
160-120,160-120-468,1,3,
160-120,160-120-103,3,2,
160-120,160-120-826,5,7,
160-398,160-398-726,2,7,
160-398,160-398-907,2,3,
160-398,160-398-510,2,5,
889-146,889-146-739,3,9,
889-146,889-146-383,3,4,
889-146,889-146-617,5,1,
889-146,889-146-778,3,4,
889-325,889-325-161,1,10,
187-121,187-121-317,5,4,
523-430,523-430-819,4,7,
523-335,523-335-187,2,9,
523-945,523-945-226,4,5,
523-481,523-481-416,3,4,
523-819,523-819-879,2,1,
523-819,523-819-617,5,9,
523-355,523-355-471,5,5,
523-139,523-139-766,4,2,
523-139,523-139-683,4,9,
903-395,903-395-306,5,10,
903-395,903-395-639,4,3,
903-800,903-800-237,4,8,
903-800,903-800-789,1,5,
903-225,903-225-237,5,4,
903-533,903-533-358,1,2,
903-533,903-533-789,2,5,
903-722,903-722-100,2,10,
903-722,903-722-292,4,4,
903-722,903-722-975,3,8,
207-641,207-641-192,3,7,
207-956,207-956-967,3,6,
207-956,207-956-660,4,7,
207-956,207-956-836,4,1,
207-372,207-372-968,3,10,
207-914,207-914-951,3,7,
207-914,207-914-393,4,10,
136-818,136-818-256,5,9,
136-818,136-818-852,4,9,
136-889,136-889-995,3,6,
136-889,136-889-900,5,7,
136-721,136-721-682,5,9,
136-127,136-127-318,5,8,
136-127,136-127-680,4,2,
136-127,136-127-586,5,9,
136-965,136-965-906,3,9,
136-965,136-965-991,4,4,
136-965,136-965-448,1,8,
136-390,136-390-185,2,6,
136-390,136-390-301,3,2,
136-390,136-390-768,4,9,
136-390,136-390-576,5,2,
136-158,136-158-183,1,3,
136-158,136-158-421,4,2,
401-150,401-150-242,4,6,
401-150,401-150-187,3,10,
401-953,401-953-234,1,1,
401-490,401-490-311,1,2,
401-425,401-425-990,4,7,
401-117,401-117-385,3,6,
401-117,401-117-107,2,10,
401-293,401-293-267,1,7,
401-176,401-176-414,4,6,
401-176,401-176-108,4,4,
140-799,140-799-280,1,2,
140-799,140-799-943,4,7,
140-642,140-642-603,2,8,
140-642,140-642-522,2,7,
140-642,140-642-763,5,9,
140-192,140-192-874,1,9,
140-920,140-920-224,1,8,
140-870,140-870-290,5,10,
140-870,140-870-163,1,9,
140-870,140-870-584,2,1,
140-870,140-870-496,4,5,
269-991,269-991-930,4,9,
269-991,269-991-184,2,10,
269-729,269-729-195,1,8,
269-729,269-729-387,4,3,
269-729,269-729-271,3,2,
269-624,269-624-997,2,1,
269-624,269-624-506,3,8,
269-624,269-624-308,2,2,
269-122,269-122-215,1,4,
269-122,269-122-388,2,5,
269-122,269-122-106,2,5,
105-944,105-944-335,3,5,
105-944,105-944-710,3,7,
105-944,105-944-995,3,8,
105-944,105-944-968,2,2,
969-102,969-102-557,3,5,
969-177,969-177-614,1,10,
969-177,969-177-761,1,8,
969-177,969-177-467,4,5,
117-455,117-455-513,1,10,
117-455,117-455-650,4,6,
117-455,117-455-595,1,7,
117-575,117-575-941,5,9,
117-575,117-575-466,2,1,
117-575,117-575-307,2,10,
815-754,815-754-685,4,10,
815-754,815-754-821,2,6,
815-754,815-754-601,4,2,
815-754,815-754-450,5,9,
815-859,815-859-341,3,10,
815-859,815-859-511,5,7,
815-334,815-334-135,2,9,
815-444,815-444-346,3,6,
815-444,815-444-243,3,8,
807-270,807-270-428,2,3,
807-638,807-638-751,4,5,
807-372,807-372-172,4,6,
807-372,807-372-627,5,9,
916-231,916-231-890,2,9,
643-669,643-669-747,1,9,
643-669,643-669-703,3,8,
643-528,643-528-100,5,2,
643-528,643-528-461,3,2,
643-528,643-528-245,2,6,
643-249,643-249-244,1,8,
643-423,643-423-565,1,9,
643-423,643-423-916,4,10,
643-899,643-899-167,1,10,
643-899,643-899-973,4,2,
643-899,643-899-708,2,2,
258-460,258-460-664,1,4,
258-460,258-460-205,2,1,
258-460,258-460-430,3,7,
258-834,258-834-298,2,5,
258-834,258-834-412,1,8,
258-717,258-717-379,4,2,
258-999,258-999-691,4,3,
258-999,258-999-444,1,1,
258-999,258-999-334,5,9,
258-969,258-969-993,1,9,
258-969,258-969-173,2,1,
195-555,195-555-620,5,1,
659-435,659-435-537,5,4,
659-872,659-872-878,3,8,
659-872,659-872-960,4,9,
659-872,659-872-670,2,10,
659-296,659-296-498,5,3,
659-834,659-834-496,1,4,
659-834,659-834-668,5,3,
659-503,659-503-625,1,6,
659-503,659-503-913,3,1,
659-503,659-503-547,4,9,
659-503,659-503-677,3,1,
659-106,659-106-454,4,9,
659-106,659-106-621,5,10,
659-106,659-106-308,1,2,
979-149,979-149-709,3,9,
979-149,979-149-935,1,9,
101-259,101-259-718,1,1,
101-259,101-259-405,3,10,
101-259,101-259-338,4,8,
101-259,101-259-861,4,10,
101-259,101-259-404,4,5,
260-751,260-751-600,4,3,
260-445,260-445-616,5,5,
260-445,260-445-118,4,1,
260-445,260-445-945,2,2,
623-689,623-689-265,5,2,
623-689,623-689-221,1,5,
623-177,623-177-635,4,4,
623-177,623-177-131,3,3,
623-177,623-177-874,2,8,
623-693,623-693-985,5,1,
623-693,623-693-200,2,9,
139-876,139-876-728,5,4,
139-876,139-876-796,2,5,
139-355,139-355-985,1,7,
139-304,139-304-795,5,8,
139-304,139-304-919,2,9,
139-304,139-304-777,4,8,
139-304,139-304-304,2,3,
139-304,139-304-168,3,8,
139-798,139-798-786,1,10,
139-798,139-798-481,4,3,
139-378,139-378-441,5,5,
139-378,139-378-375,3,6,
139-378,139-378-731,1,6,
107-392,107-392-420,1,5,
107-532,107-532-671,5,2,
107-890,107-890-712,4,5,
173-818,173-818-361,3,1,
173-610,173-610-478,1,3,
255-808,255-808-316,2,2,
255-808,255-808-745,1,6,
255-994,255-994-703,1,3,
617-619,617-619-696,1,6,
617-481,617-481-846,1,9,
617-992,617-992-403,1,1,
617-992,617-992-410,2,5,
617-992,617-992-973,5,8,
617-992,617-992-327,4,9,
617-992,617-992-792,1,1,
865-663,865-663-517,4,4,
865-204,865-204-784,5,1,
865-533,865-533-579,5,3,
865-533,865-533-639,1,8,
865-533,865-533-265,2,4,
357-347,357-347-482,5,5,
357-347,357-347-497,4,7,
357-420,357-420-488,3,4,
357-420,357-420-904,4,10,
357-586,357-586-495,1,3,
357-318,357-318-840,1,8,
357-318,357-318-375,4,1,
357-950,357-950-451,2,6,
357-283,357-283-944,3,3,
357-283,357-283-474,2,6,
357-283,357-283-628,3,6,
357-283,357-283-882,3,9,
357-733,357-733-812,5,7,
676-916,676-916-966,4,2,
676-288,676-288-806,4,2,
676-288,676-288-419,4,10,
676-288,676-288-311,4,6,
676-288,676-288-968,1,8,
676-437,676-437-842,1,4,
676-437,676-437-546,3,3,
676-437,676-437-809,1,9,
676-979,676-979-848,2,3,
676-979,676-979-558,3,3,
676-979,676-979-681,5,9,
676-979,676-979-594,3,6,
676-979,676-979-674,1,5,
138-847,138-847-120,2,7,
138-961,138-961-378,4,7,
138-919,138-919-161,4,7,
138-919,138-919-317,3,1,
138-919,138-919-946,1,2,
138-326,138-326-137,1,5,
138-326,138-326-710,4,9,
138-326,138-326-356,5,3,
138-326,138-326-179,5,3,
138-326,138-326-911,3,1,
138-923,138-923-747,3,10,
138-937,138-937-814,3,1,
138-937,138-937-470,4,5,
514-659,514-659-366,5,7,
514-401,514-401-442,2,6,
514-401,514-401-713,3,1,
443-875,443-875-767,4,8,
443-875,443-875-392,2,4,
443-317,443-317-768,1,3,
443-470,443-470-947,3,10,
443-470,443-470-491,4,9,
443-470,443-470-157,4,8,
443-470,443-470-217,1,3,
443-919,443-919-178,5,9,
443-919,443-919-975,3,3,
443-976,443-976-667,1,4,
443-329,443-329-540,1,7,
809-618,809-618-704,4,2,
809-618,809-618-402,4,5,
809-766,809-766-807,3,9,
809-900,809-900-312,5,4,
287-907,287-907-854,5,10,
287-907,287-907-590,2,1,
287-675,287-675-533,2,8,
287-675,287-675-450,4,8,
287-675,287-675-188,4,9,
406-327,406-327-639,3,5,
406-803,406-803-488,1,2,
406-803,406-803-441,4,4,
406-104,406-104-931,1,2,
406-104,406-104-446,4,2,
406-762,406-762-641,1,1,
406-762,406-762-476,3,9,
406-106,406-106-857,5,6,
406-669,406-669-120,5,2,
109-217,109-217-371,2,2,
109-630,109-630-868,4,9,
109-630,109-630-446,4,8,
109-185,109-185-590,3,1,
109-185,109-185-639,3,3,
109-928,109-928-832,3,2,
109-896,109-896-523,4,5,
109-896,109-896-650,2,4,
109-202,109-202-222,1,4,
109-202,109-202-575,1,10,
109-202,109-202-496,2,2,
354-143,354-143-564,2,3,
420-442,420-442-114,4,1,
420-442,420-442-946,5,2,
420-251,420-251-628,1,7,
420-338,420-338-867,4,5,
420-338,420-338-466,5,2,
845-815,845-815-868,2,5,
845-815,845-815-359,3,9,
845-574,845-574-349,2,4,
845-574,845-574-843,5,2,
845-574,845-574-750,3,9,
845-153,845-153-670,5,9,
845-146,845-146-983,3,3,
794-542,794-542-861,2,8,
794-542,794-542-946,1,2,
794-542,794-542-834,4,6,
794-445,794-445-278,2,4,
794-182,794-182-775,1,2,
794-182,794-182-196,2,2,
794-792,794-792-801,5,7,
794-998,794-998-632,5,1,
683-199,683-199-421,3,10,
683-199,683-199-722,1,10,
851-136,851-136-775,3,7,
851-136,851-136-895,2,5,
851-136,851-136-442,3,4,
886-874,886-874-835,4,8,
886-315,886-315-243,4,5,
886-315,886-315-637,2,5,
886-167,886-167-272,4,9,
886-858,886-858-941,3,3,
886-325,886-325-280,5,7,
886-587,886-587-324,3,10,
886-816,886-816-237,2,9,
574-986,574-986-642,2,10,
574-986,574-986-166,2,2,
574-921,574-921-894,4,1,
574-568,574-568-932,1,4,
279-235,279-235-524,3,6,
279-261,279-261-139,3,3,
279-261,279-261-945,1,3,
279-261,279-261-910,3,7,
279-261,279-261-716,1,1,
279-261,279-261-677,3,3,
279-897,279-897-726,2,10,
279-542,279-542-520,5,1,
411-208,411-208-101,5,3,
411-208,411-208-353,3,10,
411-208,411-208-762,1,8,
411-208,411-208-107,4,3,
411-208,411-208-628,2,1,
411-458,411-458-322,5,1,
411-458,411-458-522,5,2,
345-195,345-195-829,5,10,
345-195,345-195-357,3,9,
345-195,345-195-560,2,2,
345-515,345-515-692,4,2,
345-625,345-625-351,1,6,
345-625,345-625-293,2,1,
345-259,345-259-939,2,7,
345-259,345-259-286,4,9,
906-275,906-275-839,2,5,
700-941,700-941-214,4,10,
920-988,920-988-796,3,10,
920-988,920-988-331,5,7,
920-953,920-953-863,4,5,
454-375,454-375-728,3,5,
454-375,454-375-309,1,2,
435-730,435-730-639,2,3,
435-730,435-730-561,5,2,
435-296,435-296-458,1,10,
435-296,435-296-471,2,6,
435-296,435-296-964,1,7,
435-296,435-296-923,5,4,
435-296,435-296-784,5,7,
435-995,435-995-947,4,7,
435-995,435-995-126,4,7,
435-239,435-239-896,1,2,
435-239,435-239-533,1,6,
435-243,435-243-652,3,3,
435-632,435-632-906,2,6,
948-516,948-516-848,1,5,
948-317,948-317-883,2,3,
948-317,948-317-781,2,3,
948-317,948-317-243,2,4,
948-988,948-988-422,3,2,
948-316,948-316-964,5,5,
948-316,948-316-632,3,7,
948-316,948-316-940,2,5,
948-316,948-316-550,1,10,
948-795,948-795-669,4,5,
456-571,456-571-985,5,1,
456-978,456-978-920,1,2,
456-986,456-986-644,1,5,
289-669,289-669-138,5,1,
289-424,289-424-301,1,1,
289-424,289-424-719,1,5,
289-424,289-424-411,4,2,
289-499,289-499-977,1,6,
289-706,289-706-333,2,3,
289-706,289-706-617,3,2,
289-706,289-706-434,3,4,
289-706,289-706-627,1,10,
289-717,289-717-991,3,2,
289-210,289-210-247,4,6,
289-210,289-210-100,4,8,
289-210,289-210-685,1,1,
569-462,569-462-448,3,6,
569-615,569-615-745,2,2,
569-615,569-615-142,5,8,
569-615,569-615-349,2,3,
569-691,569-691-550,5,10,
679-969,679-969-753,2,3,
679-969,679-969-756,3,7,
782-933,782-933-951,1,6,
782-491,782-491-247,2,7,
782-491,782-491-442,5,1,
782-971,782-971-643,5,9,
782-457,782-457-523,5,7,
599-190,599-190-273,1,1,
599-190,599-190-532,3,2,
599-190,599-190-288,5,7,
599-716,599-716-424,4,4,
599-686,599-686-159,2,10,
599-910,599-910-611,2,5,
599-910,599-910-904,2,4,
599-910,599-910-597,3,1,
385-177,385-177-552,5,8,
385-109,385-109-415,2,5,
385-109,385-109-305,2,7,
385-109,385-109-144,5,5,
385-333,385-333-801,5,5,
385-388,385-388-264,1,5,
385-110,385-110-497,4,10,
385-715,385-715-842,3,8,
320-327,320-327-607,2,5,
320-327,320-327-747,1,6,
320-202,320-202-614,5,3,
320-202,320-202-583,4,6,
320-202,320-202-211,2,2,
320-441,320-441-754,2,8,
320-597,320-597-722,3,4,
320-597,320-597-395,1,4,
320-688,320-688-608,1,4,
320-688,320-688-400,1,10,
320-758,320-758-837,5,1,
320-758,320-758-278,1,1,
320-758,320-758-445,5,4,
594-594,594-594-104,5,9,
594-594,594-594-513,1,10,
594-474,594-474-709,3,9,
802-949,802-949-334,4,3,
802-652,802-652-922,2,3,
882-544,882-544-850,4,7,
882-544,882-544-578,1,5,
882-157,882-157-721,4,10,
882-157,882-157-854,1,10,
882-488,882-488-760,4,5,
784-123,784-123-321,4,8,
784-842,784-842-125,5,8,
291-166,291-166-786,3,5,
291-143,291-143-855,3,10,
291-143,291-143-175,1,5,
879-187,879-187-248,1,6,
879-652,879-652-226,5,6,
879-652,879-652-340,2,5,
879-980,879-980-408,5,10,
879-980,879-980-135,5,5,
879-897,879-897-166,5,6,
879-426,879-426-360,5,1,
162-593,162-593-652,1,1,
162-593,162-593-998,5,1,
162-593,162-593-662,5,8,
162-593,162-593-368,5,2,
403-479,403-479-818,1,7,
403-479,403-479-753,4,7,
403-416,403-416-998,5,9,
403-674,403-674-163,2,1,
403-674,403-674-266,1,5,
742-422,742-422-260,1,8,
405-315,405-315-206,3,2,
405-315,405-315-175,3,10,
405-315,405-315-407,3,4,
775-458,775-458-229,5,8,
775-458,775-458-998,4,3,
350-662,350-662-432,3,3,
350-154,350-154-727,3,2,
350-154,350-154-512,5,2,
350-154,350-154-452,4,1,
350-796,350-796-985,4,2,
484-211,484-211-587,4,8,
484-211,484-211-891,5,9,
484-211,484-211-481,3,1,
484-284,484-284-186,4,1,
484-284,484-284-424,4,4,
476-230,476-230-372,5,1,
476-230,476-230-662,2,1,
476-230,476-230-827,1,1,
476-230,476-230-776,1,10,
699-451,699-451-622,4,9,
699-192,699-192-151,2,10,
699-192,699-192-175,2,10,
699-683,699-683-378,4,5,
699-683,699-683-553,4,7,
699-528,699-528-665,1,4,
699-528,699-528-102,2,6,
699-490,699-490-423,3,5,
699-843,699-843-998,2,7,
490-950,490-950-586,3,8,
490-352,490-352-701,5,8,
490-352,490-352-915,2,2,
490-991,490-991-343,5,7,
490-422,490-422-568,4,10,
513-814,513-814-600,4,5,
513-814,513-814-425,3,8,
513-814,513-814-840,3,3,
513-994,513-994-755,2,9,
526-279,526-279-320,1,8,
526-279,526-279-838,3,9,
526-279,526-279-414,4,10,
526-279,526-279-274,1,4,
526-783,526-783-847,2,5,
526-446,526-446-553,3,6,
526-446,526-446-863,3,8,
526-807,526-807-447,2,3,
526-372,526-372-202,5,6,
526-372,526-372-102,2,4,
526-310,526-310-293,4,8,
311-236,311-236-899,4,8,
311-236,311-236-222,4,8,
311-236,311-236-877,5,4,
311-250,311-250-565,3,9,
311-250,311-250-885,1,4,
311-949,311-949-689,3,2,
311-949,311-949-348,5,6,
311-562,311-562-709,5,6,
656-876,656-876-836,5,2,
656-876,656-876-436,4,4,
656-876,656-876-726,4,10,
656-311,656-311-395,5,8,
656-311,656-311-778,3,1,
656-311,656-311-318,1,10,
656-781,656-781-841,2,5,
656-781,656-781-252,2,3,
824-797,824-797-761,1,10,
824-196,824-196-436,2,7,
824-196,824-196-611,3,6,
824-196,824-196-680,1,10,
824-578,824-578-917,4,9,
824-682,824-682-270,5,7,
167-489,167-489-810,3,5,
167-489,167-489-575,1,2,
167-489,167-489-173,1,8,
167-489,167-489-407,5,2,
167-794,167-794-341,5,4,
167-668,167-668-780,5,6,
167-537,167-537-615,2,5,
167-724,167-724-987,4,6,
167-724,167-724-379,3,1,
167-883,167-883-390,3,4,
910-706,910-706-455,5,8,
910-706,910-706-201,1,5,
910-553,910-553-622,3,2,
910-553,910-553-564,2,5,
650-955,650-955-773,2,4,
650-955,650-955-544,3,3,
650-955,650-955-312,1,1,
650-725,650-725-123,5,2,
650-725,650-725-590,5,9,
650-986,650-986-667,3,4,
650-213,650-213-938,5,7,
650-213,650-213-731,3,2,
650-213,650-213-479,4,4,
650-754,650-754-254,5,7,
650-754,650-754-425,2,2,
650-754,650-754-173,1,2,
650-754,650-754-730,4,9,
650-754,650-754-787,1,6,
650-496,650-496-626,1,5,
650-496,650-496-412,5,9,
615-703,615-703-195,4,1,
615-703,615-703-702,3,8,
615-703,615-703-467,3,4,
615-703,615-703-221,1,9,
615-917,615-917-327,3,10,
615-917,615-917-131,5,6,
100-348,100-348-410,1,6,
100-348,100-348-433,2,7,
100-973,100-973-692,3,6,
100-854,100-854-826,4,5,
100-339,100-339-690,2,1,
100-278,100-278-945,1,2,
100-278,100-278-511,2,6,
100-649,100-649-349,2,2,
100-819,100-819-248,2,1,
100-819,100-819-482,2,3,
100-819,100-819-704,5,3,
100-819,100-819-464,2,2,
100-819,100-819-113,4,2,
727-597,727-597-168,4,5,
727-771,727-771-246,4,9,
727-771,727-771-533,4,6,
727-715,727-715-524,1,7,
727-715,727-715-792,3,4,
242-947,242-947-777,3,9,
242-947,242-947-272,1,9,
242-947,242-947-936,1,6,
242-532,242-532-922,1,4,
242-189,242-189-587,4,2,
788-761,788-761-992,1,10,
788-930,788-930-692,5,8,
788-250,788-250-130,5,9,
788-250,788-250-355,1,7,
788-250,788-250-962,5,10,
788-504,788-504-404,1,3,
788-504,788-504-787,4,1,
788-504,788-504-211,2,7,
788-504,788-504-645,3,8,
788-647,788-647-391,4,3,
788-647,788-647-772,5,8,
788-647,788-647-492,4,5,
610-801,610-801-801,5,6,
610-801,610-801-951,3,6,
610-801,610-801-618,3,2,
857-481,857-481-786,4,7,
857-471,857-471-879,5,7,
857-185,857-185-427,5,6,
857-185,857-185-134,1,9,
857-142,857-142-553,5,9,
857-142,857-142-470,2,1,
857-142,857-142-583,3,2,
504-784,504-784-805,4,7,
504-784,504-784-175,3,6,
504-784,504-784-563,1,9,
239-478,239-478-448,2,1,
239-478,239-478-571,4,6,
431-954,431-954-234,3,10,
431-954,431-954-297,5,2,
431-954,431-954-591,4,4,
431-587,431-587-572,5,9,
249-544,249-544-432,5,8,
994-772,994-772-849,3,1,
222-170,222-170-187,4,4,
222-514,222-514-187,3,2,
222-345,222-345-586,5,4,
222-345,222-345-740,5,2,
222-547,222-547-986,5,5,
222-360,222-360-263,2,10,
222-360,222-360-788,2,1,
222-824,222-824-845,4,8,
222-495,222-495-748,5,3,
222-495,222-495-585,2,10,
709-969,709-969-330,2,4,
709-663,709-663-805,5,6,
709-663,709-663-228,2,7,
709-733,709-733-474,4,4,
709-713,709-713-272,5,8,
709-951,709-951-276,5,8,
709-952,709-952-276,4,1,
709-675,709-675-388,4,2,
709-675,709-675-957,5,10,
709-675,709-675-908,3,1,
464-105,464-105-498,4,4,
464-105,464-105-354,5,7,
464-105,464-105-516,2,5,
464-105,464-105-838,5,8,
464-744,464-744-975,5,1,
464-744,464-744-110,2,1,
464-744,464-744-659,4,8,
464-744,464-744-971,3,10,
541-825,541-825-529,2,1,
541-892,541-892-302,1,4,
281-928,281-928-181,2,9,
281-794,281-794-828,5,6,
281-123,281-123-959,3,9,
832-200,832-200-953,3,3,
832-987,832-987-122,1,3,
832-940,832-940-980,5,5,
832-343,832-343-398,4,8,
832-390,832-390-267,5,7,
832-846,832-846-857,5,5,
832-846,832-846-886,3,1,
832-846,832-846-316,4,1,
519-349,519-349-512,2,5,
519-882,519-882-775,2,3,
519-882,519-882-468,1,5,
519-149,519-149-796,2,1,
519-464,519-464-759,1,9,
519-919,519-919-969,5,4,
273-273,273-273-319,5,1,
273-273,273-273-109,1,1,
273-273,273-273-132,1,4,
273-488,273-488-441,5,6,
273-488,273-488-444,2,6,
273-569,273-569-839,4,4,
273-569,273-569-681,2,9,
273-809,273-809-326,2,5,
273-809,273-809-800,5,6,
273-809,273-809-413,4,5,
273-753,273-753-375,5,4,
273-753,273-753-340,2,3,
273-753,273-753-200,4,3,